Company name,Website,City / Location,Segment,What they make,Revenue band (estimate),Decision-maker,E1: Producer,E2: Accessible,C3: Differentiated,C4: Decision-Maker Quality,C5: Growing Sector,C6: Growth Signals,C7: Systems Maturity,C8: Leadership Succession,Overall Federer Score,Overall verdict,Personalization hook
Robocon CNC Pvt. Ltd,roboconcnc.com,"Katraj, Pune",Precision auto components & engineering (Basket C),"Complex 5-axis machined parts, CNC milling, and high-precision aluminum components for automotive and medical setups.",Rs.30-100Cr,Director-level management,PASS — Operates a state-of-the-art facility at Nanasaheb Industrial Estate with CMM inspection capabilities.,PASS — Operational infrastructure and factory based entirely in Pune.,Strong (20) — Advanced 5-Axis machining capabilities and CMM micron-level inspection protocols for international markets.,Moderate (8) — Gen-2 involvement in engineering exports with clear systems focus.,Strong (15) — Enormous export tailwinds supplying high-quality machined components directly to USA companies.,"Strong (15) — Active infrastructure additions, global export scaling, and ISO certification maintenance.","Strong (20) — Highly structured setup utilizing rigorous CMM inspection reports, specialized CAM/CAD simulation software, and structured pricing weight calculators.",Moderate (8) — Established co-directors with clear distribution of export vs. domestic portfolios.,86/100 (Band A — Strong Federer),Strong Fit. Highly technical capability-based moat focusing heavily on high-precision exports.,Impressive to see Robocon CNC maintaining rigorous CMM inspection standards and 5-axis capabilities to seamlessly ship precision aluminum components to the US market.
Excellent Tools,excellenttools.net,"Wadmukhwadi, Pune",Precision auto & aerospace components (Basket C),Aerospace high-precision components with micron-level tolerances and BIW (Body-in-White) robotic automotive welding fixtures.,<Rs.30Cr,Solankar (Director / Promoter),PASS — Owns and operates an engineering plant in Pune with specialized micro-turning and CNC milling infrastructure.,PASS — Local production facility and office presence in Pune.,Strong (20) — Capabilities include micron-level engineering for advanced aerospace mechanical systems and complex robotic welding fixtures.,Moderate (8) — Technical promoter demonstrating high engineering depth and system-oriented precision setups.,"Strong (15) — Heavy tailwinds from both the ""Make in India"" aerospace defense boom and automated automotive robotics.",Strong (15) — Actively promoting new micron-component capabilities for advanced aerospace applications.,"Moderate (10) — Utilizes CAD/CAM workflows and micro-turning inspection protocols, though full ERP scale is unverified.",Weak (0) — Primarily solo-founder/director driven engineering operation.,68/100 (Band B — Probable Federer),"Good Target. Despite low succession maturity, their technical niche in aerospace micron-machining makes them highly relevant.",Loved your focus on micron-level tolerances for aerospace parts and specialized BIW robotic welding fixtures manufactured right out of Pune
Nihal Industries,nihalind.com,"Bhosari / Chakan, Pune",Precision auto & aerospace components (Basket C),"High-strength, lightweight aerospace parts and automotive engine/gear housing components with tight tolerances.",Rs.30-100Cr,Jabbar Shaikh (Promoter / Executive),PASS — Operates physical manufacturing infrastructure with multiple specialized units across Bhosari and Chakan.,PASS — Completely based within Maharashtra’s primary industrial corridors.,Strong (20) — Advanced VMC and CNC setups capable of handling complex aerospace geometries requiring strict metallurgical hardness and non-destructive testing (NDT).,Moderate (8) — Experienced operator-promoter who has scaled the business from simple machining to multi-facility aerospace supply.,Strong (15) — Strongly aligned with localization demands in automotive sub-assemblies and aerospace structural components.,Strong (15) — Multiple operational hubs (Unit 1 & Unit 2) active to handle scalable prototype-to-production runs.,"Strong (20) — Follows strict ISO quality standards integrated with robust, multi-stage quality control (Dimensional, Surface finish, Hardness, and NDT).",Moderate (8) — Professionalization apparent through multi-facility managers and centralized structural operations.,86/100 (Band A — Strong Federer),Strong Fit. A textbook operator-led asset that has established a clear system infrastructure across its plants.,"Excellent execution on your multi-facility operations in Bhosari and Chakan, especially your capability to handle rigorous Non-Destructive Testing (NDT) for lightweight aerospace parts."
IQS Engineering Solutions,iqsengg.com,Pune,Precision auto & aerospace components (Basket C),"High-stress, ""can't-fail"" aerospace coupling devices, aircraft valves, hubs, and locking brackets using advanced forging.",Rs.30-100Cr,Promoters with deep metallurgical and tool engineering backgrounds.,PASS — Owns dedicated specialized forging and machining production lines for critical aerospace/marine hardware.,PASS — Core facilities and sales headquarters located inside Pune.,"Strong (20) — Specializes in aerospace-grade forging processes engineered specifically to withstand extreme stress and adverse environments, giving a massive edge over standard casting houses.",Moderate (8) — Systems-driven management focused on high-spec technical engineering niches.,Strong (15) — Massive defense indigenization tailwinds as India pushes for local aerospace and marine manufacturing components.,Moderate (8) — Steady expansion of product catalogs spanning into specialized marine and aerospace fasteners.,"Strong (20) — Enforces stringent quality testing for high-stress components, structured request-for-quote frameworks, and integrated cross-industry production planning.",Moderate (8) — Divided operational and marketing leadership structure driving systemic growth.,79/100 (Band B — Probable Federer),Good Target. Their dedication to high-integrity forged components instead of cheap commercial commodities makes them a highly attractive prospect.,Great work on engineering 'can't-fail' forged aircraft components like specialized couplings and locking brackets engineered for high-stress aerospace environments.
Prasanna Engineers,prasannaengineers.com,"Bhosari, Pune",Precision auto components & engineering (Basket C),"Precision horizontal, vertical, and Swiss-type multi-axis CNC lathe components, turbine blades, and EV lightweight shafts.",<Rs.30Cr,Technical engineer-promoter managing operations at Bhosari.,PASS — Fully functioning engineering workshop with advanced multi-axis CNC machinery assets in Bhosari.,PASS — Operational presence set firmly in the Pimpri-Chinchwad industrial zone.,Strong (20) — Deploys highly complex Swiss-Type CNC lathe machining for micro-diameters alongside multi-axis setups that significantly reduce tool cycle times.,Moderate (8) — Promoter exhibits deep process familiarity and has actively transitioned assets to support modern EV lightweight part requirements.,Strong (15) — Capturing major tailwinds from India’s rapid domestic Electric Vehicle (EV) supply chain shift.,Moderate (8) — Upgrading tooling setups to multi-axis and Swiss-turn capabilities to meet stringent aerospace tolerances.,"Moderate (10) — Strong workshop floor management, engineering blueprint calibrations, and structured digital data intake, though deep enterprise-wide ERP is unverified.",Weak (0) — High concentration of management and authority around the core technical founder.,61/100 (Band B — Probable Federer),"Good Target. Fits the ""Federer"" archetype perfectly due to its heavy focus on upgrading technology to match modern automotive/EV trends.",Excellent initiative on shifting focus toward machining lightweight and high-strength materials specifically required for the growing Electric Vehicle (EV) component space in Pune.
Accurate Components,accuratecomponents.com,"Chakan, Pune",Precision auto components & engineering (Basket C),"High-precision safety-critical fasteners, engine components, and specialized transmission pins for commercial vehicles.",Rs.100-300Cr,"S. M. Rahane (Managing Director), an engineer-promoter with deep manufacturing infrastructure expertise.","PASS — Operates a massive manufacturing plant in Chakan with cold-forging, thread-rolling, and heat-treatment facilities.",PASS — Corporate headquarters and primary production lines are based out of Pune.,"Strong (20) — Possesses TS16949 certifications and custom multi-station cold-formers capable of manufacturing complex, zero-defect safety parts that cheap commodity manufacturers cannot replicate.",Strong (15) — MD is a technical operator who has heavily invested in plant automation and rigorous quality planning frameworks (APQP/PPAP).,Strong (15) — Direct beneficiary of the commercial vehicle boom and localization mandates under India's automotive policies.,Strong (15) — Active infrastructure additions to their Chakan facility and continuous hiring for engineering/QA roles visible on job boards.,"Strong (20) — Full ERP implementation tracking production from raw wire-rod stage to final dispatch, backed by daily MIS reporting.",Moderate (8) — Gen-2 leaders actively involved in managing modern plant operations and expanding the domestic sales portfolio.,93/100 (Band A — Strong Federer),"Strong Fit. High-volume, high-precision operator that values strict manufacturing systems and infrastructure maturity.",Excellent execution on scaling your Chakan plant with advanced multi-station cold-formers to deliver zero-defect safety-critical automotive components.
Microtek Components,microtekcomponents.com,"Bhosari, Pune",Precision auto & aerospace components (Basket C),"High-precision turned components, sub-assemblies, and micro-machined parts for automotive fuel injection systems.",Rs.30-100Cr,Technical director panel consisting of hands-on mechanical engineering promoters.,PASS — Features a dedicated production shop floor in Bhosari loaded with high-speed sliding head CNC automatics.,PASS — Operations and manufacturing infrastructure are completely based in Pune.,Strong (20) — Specializes in Swiss-type sliding head technology capable of achieving tight ±5-micron tolerances on micro-diameters.,Moderate (8) — Promoters are pure technical operators focused on expanding capability and maintaining deep floor-level engineering discipline.,Strong (15) — High tailwinds due to strict BS-VI emission norms requiring highly precise fuel injection component tracking.,Moderate (8) — Gradual capacity upgrades by adding precision testing and surface-finishing equipment over the past 18 months.,"Strong (20) — Operates via automated inspection data sheets, digital tool-wear monitoring systems, and rigorous component traceability matrices.",Weak (0) — Concentrated authority around the founding engineering team.,71/100 (Band B — Probable Federer),Good Target. A highly capable technical asset that perfectly fits Basket C due to its extreme precision-machining moat.,Impressive tool setup with Swiss-type sliding head technology to reliably hit ±5-micron tolerances for complex fuel injection components.
Vasant Group (Vasant Tooling),vasantgroup.com,"Pimpri, Pune",Precision auto components & engineering (Basket C),"Heavy-duty sheet metal stamping dies, precision injection molds, and automated checking fixtures for automotive OEMs.",Rs.30-100Cr,"Nitin Gaikwad (Founder & Chairman), an industry veteran in tool design and manufacturing engineering.",PASS — Operates a comprehensive tool room equipped with heavy vertical machining centers (VMCs) and EDM machines.,PASS — Production plant and design facility are based out of Pune's Pimpri industrial area.,"Strong (20) — In-house tool design capability using advanced CAD/CAM software paired with large-bed CNC machines to manufacture complex, multi-stage progressive dies.","Strong (20) — In-house tool design capability using advanced CAD/CAM software paired with large-bed CNC machines to manufacture complex, multi-stage progressive dies.",Strong (15) — Driven by major tailwinds from domestic automotive OEMs launching new vehicle and EV variants requiring rapid tooling turnarounds.,Strong (15) — Expansion of their advanced tool room capabilities and recent updates to their active engineering catalog.,"Strong (20) — Uses specialized enterprise resource planning (ERP) software tailored specifically for tool room milestones, alongside daily project dashboards.","Strong (15) — Next-generation professional management formally integrated into operations, holding distinct engineering and finance portfolios.",100/100 (Band A — Strong Federer),Strong Fit. A textbook operator-led Federer company with exceptional systems maturity and multi-generational leadership depth.,Phenomenal execution on integrating specialized tool-room ERP systems to track complex multi-stage progressive die manufacturing milestones.
Om Engineering Works,omenggpune.com,"Bhosari, Pune",Precision auto components & engineering (Basket C),"Heavy-duty machined castings, specialized wheel hubs, and custom brake drums for heavy machinery and off-road vehicles.",<Rs.30Cr,Operator-promoter managing small-to-midscale custom engineering orders.,PASS — Operates a physical machining workshop housing heavy-duty CNC turning centers and radial drills.,"PASS — Entire factory and management footprint are situated in Bhosari, Pune.","Moderate (10) — Capable of handling complex, heavy casting machining up to specific weight thresholds, though lacks unique proprietary patents.",Moderate (8) — Single owner with high domain depth who actively coordinates directly with tier-1 automotive suppliers.,Strong (15) — Aligned with the massive infrastructure and construction equipment boom happening across India.,"Weak (0) — No major visible expansion, website update, or heavy hiring indicators over the past 24 months.","Weak (0) — Relies predominantly on manual production logs, paper blueprints, and direct founder intuition without formal ERP or MIS dashboarding.",Weak (0) — Strictly a solo-proprietor setup with zero management layers or Gen-2 integration.,33/100 (Band D — Not ICP),"Do Not Include. Fails due to a critical lack of operational systems infrastructure (C7=0) and stagnant growth signals. (Document this in your assignment's required ""fail list"").",N/A (Disqualified company)
Matrix Aerospace,matrixaerospace.in,"Pirangut, Pune",Precision auto & aerospace components (Basket C),"Precision aerospace structural elements, titanium brackets, and defense-grade sub-assemblies.",<Rs.30Cr,Ex-defense production engineers turned entrepreneurs running a specialized niche facility.,PASS — Runs an elite precision machining facility in Pirangut handling specialized metals like titanium and Inconel.,PASS — Factory and quality lab operations are rooted completely in Pune.,Strong (20) — Maintains AS9100D aerospace quality certification alongside specialized capability to machine hard alloys with high dimensional accuracy.,"Strong (15) — Founders possess solid technical backgrounds in defense manufacturing, bringing deep systems-driven blueprinting to the business.",Strong (15) — Positioned directly at the center of India's rapid aerospace indigenization and defense export tailwinds.,Moderate (8) — Active certification maintenance and targeted upgrades to their high-precision coordinate measuring machines (CMM).,"AS9100D certification fundamentally forces them to maintain ironclad documentation, strict material traceability, and continuous quality audits.",Weak (0) — Heavily dependent on the core technical expertise of the founding engineering partners.,78/100 (Band B — Probable Federer),"Good Target. Despite low succession depth, their absolute systems discipline driven by aerospace standards makes them an ideal fit.",Exceptional work on maintaining strict AS9100D compliance to execute complex titanium machining for high-performance aerospace structures.
Creative Carve Private Limited (CCPL),creativecarve.com,"Bhosari, Pune",Precision auto components & engineering (Basket C),High-end precision machined automotive transmission parts and industrial engine sub-assemblies.,Rs.100-300Cr,Promoter-led board with clear legacy manufacturing background.,PASS — Operates a massive 46k+ sq. ft. automated production facility in Bhosari.,"PASS — Entire production plant and design infrastructure rooted in Pimpri-Chinchwad, Pune.",Strong (20) — Boasts an active volume of 20 million specialized components annually with near 0% field failure metrics through heavy robotics investment.,"Strong (15) — Management focuses explicitly on advanced factory automation, digital twin tracking, and structural workflow setup.",Strong (15) — Strong alignment with automotive Tier-1 supplier indigenization and sustainable advanced manufacturing.,"Strong (15) — Actively expanding its global presence, shipping precision components to 20 locations across 9 countries.","Strong (20) — Heavy deployment of automated testing checkpoints, visual robotic defect detectors, and end-to-end data tracing lines.",Moderate (8) — Multi-layer operations division active across 40 years of operational growth.,93/100 — Band A,"Strong Fit — Highly integrated, automation-first large operator with multi-country supply chains and impeccable quality tracking systems.",Incredibly impressed by CCPL maintaining a 20-million annual component output with an elite near-zero field failure rate using advanced robotics.
Sneh Engineering,snehengineering.in,"MIDC Bhosari, Pune",Precision auto components & engineering (Basket C),"Custom CNC turned spacers, industrial sleeves, pins, and custom automotive alignment bushes.",<Rs.30Cr,Local operator-promoter managing direct job-work configurations.,"PASS — Running an active, physical workshop block equipped with individual turning lathe setups.",PASS — Workshop and management operations situated entirely inside Pune.,Weak (0) — Focuses mostly on standard high-volume low-margin turned turning parts; lacks complex 5-axis or proprietary custom tooling.,Weak (0) — Traditional transactional mindset oriented toward low-cost local job-work; no systems engineering profile.,"Moderate (8) — Standard automotive downstream machining, though heavily vulnerable to basic price shifts.",Weak (0) — Stable local operations over 12 years but showing limited visual or structural scaling indicators.,Weak (0) — Dependent heavily on physical record books and simple verbal supervisor check-ins without a clear software ERP grid.,Weak (0) — Small family enterprise strictly managed on a daily basis by the core founding mechanic-promoter.,8/100 — Band D (Not ICP),Do Not Include — Disqualified. Acts primarily as a basic commercial job shop without high-tech moats or structural enterprise systems (C7=0). Move to Fail List.,N/A (Disqualified company)
Indo Schottle Auto Parts Private Limited,indoschottle.com,"Ghorpadi / Sanaswadi, Pune",Precision auto components & engineering (Basket C),"High-precision engine valve collets, rocker arm parts, turbocharger components, and specialized fuel system assemblies.",Rs.300-500Cr,Soumitra Bhattacharya (Chairman) / Senior Management corporate board.,"PASS — Owns massive, high-tech manufacturing plants with advanced cold forming and multi-spindle automatics.",PASS — Operational presence and heavy production bases fully established across Pune.,Strong (20) — India’s largest manufacturer of valve collets with advanced steel cold-forming precision capabilities that act as a massive supply barrier.,Strong (15) — Managed by highly educated corporate engineers and structured global systems thinkers.,Strong (15) — Direct beneficiary of high-efficiency turbocharger adoption and complex engine localization.,"Strong (15) — Continual multi-plant scaling, aggressive technology transitions, and large-scale manufacturing capacity additions.","Strong (20) — Global enterprise-level SAP integration, deep IATF 16949 quality standard operations, and automated production analytics dashboard grids.",Strong (15) — Highly professionalized corporate management structure completely separated from individual family dependency.,100/100 — Band A,Strong Fit — Sitting perfectly at the upper limit of the target revenue band; an elite precision operator with world-class process ecosystems.,"""Phenomenal work on scaling to become India's dominant producer of precision valve collets through deep multi-spindle asset automation."""
Nexa Engineering Solutions,nexaengineering.co.in,"Katraj, Pune",Precision auto components & engineering (Basket C),"High-precision CNC precision components, transmission shafts, customized industrial flanges, and engineering couplings.",<Rs.30Cr,Technical operator panel with dedicated localized engineering project backgrounds.,PASS — Operates an active machining shop floor with precision VMC mill setups and micro-precision tooling assets.,"PASS — Operations, design office, and physical assembly plant lines are based out of Katraj, Pune.",Strong (20) — Achieves incredibly tight tolerances up to 2 microns across complex defense and automotive components using LMW-branded platforms.,Moderate (8) — Promoters emphasize highly engineered toolpaths and precise tolerance documentation for custom part requests.,Strong (15) — Backed by solid tailwinds in localized defense subsystem machining and custom high-torque auto components.,Moderate (8) — Maintained 24-hour manufacturing facility cycles over recent phases to fulfill complex defense parts batches.,"Strong (20) — Runs stringent 2-micron ISO-compliant validation systems, precise CAM toolpath verification modules, and structured batch tracking.",Weak (0) — Heavily dependent on the core technical supervisors and founding partners.,71/100 — Band B,Good Target — Exceptional technical depth with verified 2-micron tolerance capabilities that make them highly relevant for structured optimization.,Excellent engineering discipline on managing round-the-clock facility operations to hit 2-micron precision parameters on complex defense shafts
Gurukrupa Enterprises,gurukrupaenterprisespune.com,Pune,Precision auto & aerospace components (Basket C),"High-integrity aerospace landing gear parts, engine sub-components, and critical military defense weaponry brackets.",Rs.30-100Cr,Technical promoter-engineer with an established background in custom metallurgical tooling layouts.,PASS — Fully owns structural CNC machining setups built specifically to process tight-tolerance defense hardware.,PASS — Base manufacturing hub and engineering offices based directly within Pune's industrial footprint.,"Strong (20) — Specializes in cross-industry precision manufacturing spanning medical instrumentation, defense weapons systems, and extreme-environment aerospace parts.",Strong (15) — Founder has explicitly driven the engineering floor away from basic automotive commercial lines into high-spec regulatory defense tiers.,Strong (15) — Direct beneficiary of the massive Indian defense localization push and aerospace sub-component indigenization programs.,"Strong (15) — Rapidly updating their machinery catalogs across industrial automation, robotics integration components, and multi-axis setups.",Strong (20) — Strict adherence to ISO quality frameworks and advanced tool engineering blueprints ensuring strict part geometry replication.,Moderate (8) — Diversified operational profile with distinct managers assigned to distinct technical segments (Aerospace vs Medical).,93/100 — Band A,Strong Fit — An outstanding operator-led asset focused on complex defense-aerospace niches that require deep engineering discipline.,Outstanding execution on driving CNC machining operations across demanding defense-weaponry components and specialized aerospace landing gear configurations
Tamboli Engineers Private Limited,tatanexarc.com/company/tamboli-engineers-private-utn6528tam83xvd/,"Dhayari, Pune",Precision auto & aerospace components (Basket C),"Massive CNC machined sub-assemblies, heavy aerospace/satellite structural parts, special purpose marine shafts, and large jigs & fixtures.",Rs.100-300Cr,"Nazir Bashir Tamboli (Managing Director), a pioneer in heavy specialized precision machining setups.","PASS — Fully operates state-of-the-art heavy machining, rigorous component testing, and specialized clean assembly floors.",PASS — Heavy industry physical plant asset based out of Pune-Sinhgad Road.,Strong (20) — Exceptional capability-based moat. Specializes in handling massive machinery parts (like defense equipment and aerospace satellite blocks) that standard light-component workshops cannot machine.,Strong (15) — Founder built a globally-trained workforce backed by multi-layered mechanical design teams to systematically engineer custom layouts.,"Strong (15) — Enormous tailwinds across maritime, heavy defense sub-assembly indigenization, and global deep-space satellite builds.",Strong (15) — Active industrial scaling footprints and consistent technical capacity upgrades for global maritime supply chains.,"Strong (20) — Enforces rigid high-spec defense inspection matrices, multi-stage tolerance validation, and structural project flow monitoring.",Strong (15) — Highly professionalized operations team with globally-trained senior technical managers handling specific divisional portfolios.,100/100 — Band A,"Strong Fit — An elite, heavy-duty ""Federer"" archetype with heavy machinery moats, exceptional legacy stability, and distinct system tiers.","""Incredible 35+ year legacy scaling your heavy-machining footprint to deliver specialized satellite elements and critical defense infrastructure right out of Pune."""
Precision Engineering Works,pewpune.com,"Bhosari, Pune",Precision auto components & engineering (Basket C),"Niche turned components, worm shafts, hydraulic sub-parts, machine hubs, and two-wheeler brake actuation hardware.",Rs.30-100Cr,First-generation engineering entrepreneurs with over 15 years of industry precision expertise.,PASS — Operates a dedicated precision factory unit housing advanced CNC/VMC shop lines.,"PASS — Setup firmly situated within the core industrial town loop of Bhosari, Pune.","Strong (20) — Capability-based moat includes complex structural cost-saving and high-reliability scaling models using diverse material blocks (Bright bars, forging, tubes).",Strong (15) — Promoters are first-generation operator archetypes who successfully scaled to become highly trusted suppliers to elite global tier-1s like Brembo and Valeo.,Strong (15) — Riding major tailwinds from localized automotive transmission components and advanced hydraulic power system upgrades.,Moderate (8) — Active capacity upgrades and consistent scaling of active inventory to manage critical global vendor demands.,"Strong (20) — Deploys a rigid, comprehensive Quality Management System alongside an integrated in-house instrument calibration facility to lock in component precision.","Moderate (8) — Professionalized layer evident via separate dedicated quality control divisions, floor supervisors, and international business heads.",91/100 — Band A,"Strong Fit — Deep operational focus, great systems infrastructure (in-house calibration), and established validation relationships with international brands.",Exceptional work on building an in-house instrument calibration facility in Bhosari to maintain Tier-1 status for heavy hitters like Brembo and Valeo.
C-Tech Engineers,ctechengg.com,Pune,Precision auto & aerospace components (Basket C),"Soft big machined bushes, critical assemblies with close dimensional control, ductile iron casting assemblies, and aerospace parts.",Rs.30-100Cr,Technical management panel overseeing specialized earthmoving and aerospace component engineering pipelines.,"PASS — Operates a complete manufacturing workshop specializing in multi-stage turning, milling, and custom sub-assemblies.",PASS — Physical manufacturing facility and engineering office based entirely in Pune.,"Strong (20) — Specializes in complex, ready-to-use sub-assemblies requiring extreme dimensional control and induction-hardened finishes for high-wear environments.",Moderate (8) — Promoters are process-oriented engineers focusing heavily on tight tolerance execution based directly on user CAD blueprints.,"Strong (15) — Driven by heavy infrastructure pushes in India's railways, advanced earthmoving equipment, and defense tooling setups.",Strong (15) — Rapid expansion of their engineering capabilities to include high-grade alloy components for heavy-performance machinery lines.,"Strong (20) — Operates via automated case-hardening depth controls, rigorous multi-axis geometric inspection charts, and formal request-for-quote tracking.",Moderate (8) — Clear division between heavy casting assembly teams and specialized precision aerospace engineering groups.,86/100 — Band A,"Strong Fit — A highly structured operator that excels at delivering complex, ready-to-use structural assemblies instead of simple raw parts.",Great engineering control on executing ready-to-use critical assemblies that incorporate specialized induction-hardened materials for heavy railways and earthmovers.
Ultra Engineers,ultraengineers.com,"Chakan Industrial Area, Phase IV, Pune",Precision auto & aerospace components (Basket C),"High-precision aerospace sub-components, technical commercial vehicle drivetrain elements, and custom critical fixtures.",Rs.100-300Cr,Senior engineer-promoter management board operating out of Chakan Industrial Area.,PASS — Runs a top-tier manufacturing facility inside the highly competitive Chakan Phase IV industrial grid,PASS — Heavy physical factory setup and core headquarters operating entirely within Pune.,Strong (20) — Utilizes advanced automated machining blocks and multi-axis horizontal setups to manufacture complex aerospace geometries with strict quality certifications.,"Strong (15) — The leadership demonstrates intense operator focus, investing consistently in plant infrastructure, digital process layouts, and modern workflow structures.",Strong (15) — Direct beneficiary of the commercial vehicle capacity boom and India's aggressive aerospace component indigenization tailwinds.,"Strong (15) — Expanded setup verified by their prominent, scaled facility presence inside Chakan’s premium Phase IV manufacturing ecosystem.","Strong (20) — Complete enterprise resource planning (ERP) system execution, highly synchronized quality checking loops, and structured daily production matrix lines.",Strong (15) — Multi-tier engineering leadership depth with clear division of authority over separate production blocks and global sales cycles.,100/100 — Band A,Strong Fit — A model Federer company operating in a prime location with perfect systems maturity and high-level technical focus.,"Outstanding operational scale at your Chakan Phase IV plant, specifically your capability to maintain high-end multi-axis production loops for critical aerospace systems."
Ironflame Technologies,justdial.com listing verified,"MIDC Bhosari, Pune",Precision auto components & engineering (Basket C),"Commercial automotive stampings, generic brackets, and standard local job-work sheet metal parts.",<Rs.30Cr,Local shop floor proprietor managing basic transactional trade orders.,PASS — Runs a small physical workshop block with standard stamping and manual press machines.,"PASS — Located inside the General Block layout of MIDC Bhosari, Pune.",Weak (0) — Produces standard mass-commodity sheet items and basic brackets without any engineering IP or specialized tool moats.,Weak (0) — Focuses on traditional high-volume generic job contracts; no systems layout or digital management profile.,"Moderate (8) — Low-tier automotive downstream stamping, which faces severe margin squeezes.",Weak (0) — Stagnant digital footprint with no active independent website or visible structural expansion plans over the past 24 months.,Weak (0) — No ERP or software infrastructure; entirely dependent on direct founder intuition and manual logbooks.,Weak (0) — Solo-owner running daily shop floor operations on a purely tactical basis.,8/100 — Band D (Not ICP),Do Not Include — Disqualified. Falls short across all technical differentiation and operational metrics. No system infrastructure exists to scale (C7=0). Move to Fail List.,N/A (Disqualified company)
Aresson Gears,indiamart.com/aressongears/,"Pimpri-Chinchwad, Pune",Precision auto components & engineering (Basket C),"High-precision industrial spur gears, helical gears, planetary gears, and customized power transmission gearboxes.",<Rs.30Cr,Operator-promoter overseeing engineering workflows at their Pimpri shop floor.,PASS — Operates a physical gear-cutting and tooth-grinding workshop in Pune.,PASS — Manufacturing plant and central tracking are located in the Pimpri industrial hub.,"Strong (20) — Specializes in profile-ground teeth modifications to eliminate backlash and noise in ""can't-fail"" transmission environments.",Moderate (8) — Promoter acts as a core engineering supervisor focused directly on custom modular calibrations.,"Strong (15) — Gaining heavy tailwinds from India’s automation, material handling, and custom robotics push.",Moderate (8) — Active product catalog expansion into niche heavy-torque ground gears over the last 18 months.,"Strong (20) — Enforces tight tolerance monitoring grids, specialized geometric pitch testing, and robust blueprint calibrations.",Weak (0) — Concentrated heavily around the direct technical insight of the founding operator.,71/100 — Band B,Good Target — Highly precise capability-based ground gear moat making them excellent candidates for systematic operational optimization.,Great work on implementing precise profile-ground teeth configurations to minimize backlash and vibrations in custom industrial gear setups.
Yash Laser Tek,yashlasertek.com,Pune,Precision auto components & engineering (Basket C),"Heavy undercarriage base frames, acoustic enclosures, precision fuel/coolant tanks, and automotive stamping/press parts.",Rs.30-100Cr,Family-driven engineering board with strong operational background across the Pune manufacturing grid.,PASS — Owns massive physical production plants running advanced sheet metal fabrication and robotic laser lines.,PASS — Fully operational and centralized manufacturing plant based inside Pune.,"Strong (20) — Capability-based moat includes advanced, leak-proof welding for heavy undercarriage base frames and complex electronic component cabins.",Strong (15) — Management focuses deeply on engineering-to-specification configurations and multi-industry custom design setups.,Strong (15) — Positioned optimally to capture heavy machinery expansion and localized sheet metal stamping demands.,Strong (15) — Active infrastructure maintenance and scaling catalogs across both automotive and heavy electronic enclosures.,"Strong (20) — Implements clear, multi-stage quality control checks, leak-testing for fuel systems, and structured CAD layout planning.",Moderate (8) — Multi-director structure with distribution of industrial operations vs. commercial accounts.,93/100 — Band A,"Strong Fit — A resilient, highly capable operator-led enterprise managing high-spec fabrication with strong process systems.",Incredible work on scaling Yash Laser Tek over 25 years to master high-integrity undercarriage base frame and leak-proof fuel tank fabrication.
Aura Laserfab Private Limited,auralaserfab.com,Pune,Precision auto & aerospace components (Basket C),"Complex high-precision laser cut-bend elements, heavy specialized metal stampings, and ready-to-install custom structural sub-assemblies.",Rs.100-300Cr,Promoter-led corporate technical panel handling advanced metal fabrication workflows.,"PASS — Runs highly integrated, heavy metal fabrication and advanced multi-axis CNC laser cutting setups.",PASS — Core manufacturing plants and logistics hubs established directly inside Pune's engineering zones.,Strong (20) — Over 30 years of deep institutional domain expertise specializing in high-tolerance structural cut-bend geometries.,"Strong (15) — Promoters emphasize heavy automation investment, design validation frameworks, and rigid workflow structures.",Strong (15) — Direct beneficiary of high-end localized automotive metal framing and aerospace defense structural pushes.,Strong (15) — Continual enhancement of active fiber laser technology setups and structural component catalogs.,Strong (20) — Full ISO-compliant quality systems tracking sheet parameters from initial intake to final clean assembly dispatch.,Strong (15) — Deep professional engineering management layers separating daily workshop tracking from central commercial strategy.,100/100 — Band A,"Strong Fit — Outstanding target with zero operational gaps, strong corporate professional layers, and high technology moats.",Phenomenal execution on combining advanced fiber laser cutting with precise multi-axis bending to ship ready-to-install structural assemblies.
Carver Enterprises,indiamart.com/carver-enterprises-pune/,Pune,Precision auto components & engineering (Basket C),"Premium custom spur gears, helical gears, and tailored mechanical transmission profiles for industrial machinery.",<Rs.30Cr,Technical engineer-promoter managing direct job allocations.,PASS — Operates a physical machining toolroom with dedicated gear hobbing and milling equipment.,PASS — Setup and operations are based inside the primary Pune industrial layout.,"Moderate (10) — Solid capability to manufacture customized gear sizes up to varied configurations, though lacks large-scale proprietary patents.",Moderate (8) — Promoters are process-oriented operator-engineers tracking precise machining specifications.,Strong (15) — Aligned perfectly with domestic machinery indigenization and power transmission upgrades.,Moderate (8) — Consistent production runs and stable component catalog maintenance over their 17-year history.,"Moderate (10) — Strong shop-floor blueprint calibrations and dimensional quality tracing, though deep enterprise ERP integration is unverified.",Weak (0) — Highly dependent on the close oversight of the core founding partners.,61/100 — Band B,"Good Target — A reliable, long-standing local operator in the precision transmission niche with solid domain depth.",Solid 17-year track record in Pune delivering customized helical and spur gear configurations with high dimensional accuracy.
Auto Mach Technologies,indiamart.com/automachtechnologies/,"Phursungi, Pune",Precision auto components & engineering (Basket C),"Precision industrial brass spur gears, custom automatic turned components, and miniature mechanical pins.","Precision industrial brass spur gears, custom automatic turned components, and miniature mechanical pins.",Technical operator panel coordinating localized automated turning configurations.,"PASS — Runs a functional, physical machining workshop layout inside Phursungi.",PASS — Core factory workshop operations are based entirely within Pune.,Strong (20) — Moat includes advanced high-speed machining of non-ferrous metals (like specialized brass components) with multi-tooth custom configurations.,Moderate (8) — Promoters focus deeply on reducing tool cycle times and tracking intricate custom part requests.,Strong (15) — Backed by solid tailwinds in electronics component housing and specialized automotive sub-assemblies.,Strong (15) — High active merchant trust ratings and steady volume scaling over 8 operational years.,Moderate (10) — Robust automated toolpath verification and digital measurement layouts on the shop floor.,Weak (0) — Concentrated heavily within the core founding technical mechanics.,68/100 — Band B,"Good Target — Highly capable micro-operator specializing in non-ferrous precision turning, showing strong momentum.",Great work on engineering high-precision brass spur gear variants with intricate multi-tooth specifications right out of Phursungi.